{
    "schemaVersion": 1,
    "environment": "*",
    "depends": {
      "fabricloader": ">=0.12.12",
      "minecraft": "1.19.x",
      "java": ">=16"
    },
    "name": "Eyes In The Sky",
    "id": "owls",
    "version": "1.0.0",
    "description": "Eyes In The Sky is a small Minecraft datapack that adds demon eyes from the game Terraria!",
    "pack_format": 10,
    "icon": "pack.png",
    "authors": [
      "§5☆Lunar Eclipse Studios☆",
      "Bret06"
    ],
    "contact": {
        "homepage": "https://lunareclipse.studio",
        "sources": "https://github.com/LunarEclipseStudios/Eyes-In-The-Sky",
        "discord": "https://discord.gg/RmMtqxJJgH",
        "issues": "https://github.com/LunarEclipseStudios/Eyes-In-The-Sky/issues"
    }
}